{
  "ext/controller/Rate.js": 1769074321566,
  "ext/fragment/Comments.js": 1769065823936,
  "i18n/i18n.properties": 1769075085973,
  "ext/controller/Listcontr.controller.js": 1769073888930,
  "ext/controller/File.js": 1769577160116,
  "ext/controller/FMDocument.js": 1769766949865,
  "ext/controller/Contractobjpage.controller.js": 1769600743211,
  "ext/controller/Contractobj.controller.js": 1769770789587,
  "ext/controller/CalculateCashflow.js": 1769074365626,
  "ext/fragment/Workflowhistory.js": 1769078429188,
  "ext/fragment/Selection.js": 1769678283013,
  "ext/fragment/Incomingpayment.js": 1769593636035,
  "ext/fragment/Header.js": 1769064748078,
  "ext/controller/Release.js": 1769766937341,
  "ext/fragment/Changelogs.js": 1769078472016,
  "ext/fragment/Attachments.js": 1769152875399,
  "manifest.json": 1769770572443,
  "Component.js": 1769579742914,
  "ext/controller/Release-dbg.js": 1769766937341,
  "ext/controller/Release.js.map": 1769771189886,
  "ext/controller/Rate-dbg.js": 1769074321566,
  "ext/controller/Rate.js.map": 1769771189883,
  "ext/controller/Listcontr-dbg.controller.js": 1769073888930,
  "ext/controller/Listcontr.controller.js.map": 1769771189870,
  "ext/controller/File-dbg.js": 1769577160116,
  "ext/controller/File.js.map": 1769771189877,
  "ext/controller/FMDocument-dbg.js": 1769766949865,
  "ext/controller/FMDocument.js.map": 1769771189872,
  "ext/controller/Contractobjpage-dbg.controller.js": 1769600743211,
  "ext/controller/Contractobjpage.controller.js.map": 1769771189874,
  "ext/controller/Contractobj-dbg.controller.js": 1769770789587,
  "ext/controller/Contractobj.controller.js.map": 1769771189887,
  "ext/controller/CalculateCashflow-dbg.js": 1769074365626,
  "ext/controller/CalculateCashflow.js.map": 1769771189880,
  "ext/fragment/Workflowhistory-dbg.js": 1769078429188,
  "ext/fragment/Workflowhistory.js.map": 1769771189881,
  "ext/fragment/Selection-dbg.js": 1769678283013,
  "ext/fragment/Selection.js.map": 1769771189894,
  "ext/fragment/Incomingpayment-dbg.js": 1769593636035,
  "ext/fragment/Incomingpayment.js.map": 1769771189886,
  "ext/fragment/Header-dbg.js": 1769064748078,
  "ext/fragment/Header.js.map": 1769771189889,
  "ext/fragment/Comments-dbg.js": 1769065823936,
  "ext/fragment/Comments.js.map": 1769771189905,
  "ext/fragment/Changelogs-dbg.js": 1769078472016,
  "ext/fragment/Changelogs.js.map": 1769771189890,
  "ext/fragment/Attachments-dbg.js": 1769152875399,
  "ext/fragment/Attachments.js.map": 1769771189905,
  "Component-dbg.js": 1769579742914,
  "Component.js.map": 1769771189892,
  "Component-preload.js": 1769771190035,
  "Component-preload.js.map": 1769771190035,
  "ext/fragment/Workflowhistory.fragment.xml": 1769173879145,
  "ext/fragment/Selection.fragment.xml": 1769593499490,
  "ext/fragment/Incomingpayment.fragment.xml": 1769682308231,
  "ext/fragment/Header.fragment.xml": 1769768253585,
  "ext/fragment/Comments.fragment.xml": 1769170923212,
  "ext/fragment/Changelogs.fragment.xml": 1769150316652,
  "ext/fragment/Attachments.fragment.xml": 1769148286956,
  "css/style.css": 1769768305857,
  "index.html": 1769581159219
}