{
  "ext/fragment/Attachments.js.map": 1769500511716,
  "manifest.json": 1769170950336,
  "ext/fragment/Header.js": 1769064748078,
  "ext/fragment/Comments.js": 1769065823936,
  "ext/fragment/Changelogs.js": 1769078472016,
  "ext/fragment/Attachments.js": 1769152875399,
  "ext/controller/Rate.js": 1769074321566,
  "ext/controller/Listcontr.controller.js": 1769073888930,
  "ext/controller/Contractobj.controller.js": 1769072372696,
  "ext/controller/CalculateCashflow.js": 1769074365626,
  "ext/fragment/Workflowhistory.js": 1769078429188,
  "Component.js": 1769062004478,
  "ext/controller/Contractobj-dbg.controller.js": 1769072372696,
  "ext/controller/Contractobj.controller.js.map": 1769500511716,
  "ext/fragment/Comments-dbg.js": 1769065823936,
  "ext/fragment/Comments.js.map": 1769500511726,
  "ext/fragment/Changelogs-dbg.js": 1769078472016,
  "ext/fragment/Changelogs.js.map": 1769500511704,
  "ext/fragment/Attachments-dbg.js": 1769152875399,
  "i18n/i18n.properties": 1769075085973,
  "ext/controller/Rate-dbg.js": 1769074321566,
  "ext/controller/Rate.js.map": 1769500511706,
  "ext/controller/Listcontr-dbg.controller.js": 1769073888930,
  "ext/controller/Listcontr.controller.js.map": 1769500511709,
  "ext/fragment/Header-dbg.js": 1769064748078,
  "ext/fragment/Header.js.map": 1769500511713,
  "ext/controller/CalculateCashflow-dbg.js": 1769074365626,
  "ext/controller/CalculateCashflow.js.map": 1769500511716,
  "ext/fragment/Workflowhistory-dbg.js": 1769078429188,
  "ext/fragment/Workflowhistory.js.map": 1769500511718,
  "Component-dbg.js": 1769062004478,
  "Component.js.map": 1769500511717,
  "Component-preload.js": 1769500511855,
  "Component-preload.js.map": 1769500511855,
  "ext/fragment/Workflowhistory.fragment.xml": 1769173879145,
  "ext/fragment/Header.fragment.xml": 1769147542094,
  "ext/fragment/Comments.fragment.xml": 1769170923212,
  "ext/fragment/Changelogs.fragment.xml": 1769150316652,
  "ext/fragment/Attachments.fragment.xml": 1769148286956,
  "css/style.css": 1769171662898,
  "index.html": 1769062004478
}