{
  "ext/fragment/Comments-dbg.js": 1769065823936,
  "ext/controller/Listcontr.controller.js": 1769073888930,
  "ext/fragment/Comments.js": 1769065823936,
  "ext/fragment/Attachments.js": 1769064582482,
  "ext/controller/Rate.js": 1769074321566,
  "ext/fragment/Header.js": 1769064748078,
  "ext/controller/Contractobj.controller.js": 1769072372696,
  "ext/controller/CalculateCashflow.js": 1769074365626,
  "manifest.json": 1769074297806,
  "Component.js": 1769062004478,
  "ext/controller/Contractobj-dbg.controller.js": 1769072372696,
  "ext/controller/Contractobj.controller.js.map": 1769075936708,
  "i18n/i18n.properties": 1769075085973,
  "ext/fragment/Comments.js.map": 1769075936715,
  "ext/fragment/Attachments-dbg.js": 1769064582482,
  "ext/fragment/Attachments.js.map": 1769075936709,
  "ext/controller/Rate-dbg.js": 1769074321566,
  "ext/controller/Rate.js.map": 1769075936707,
  "ext/fragment/Header-dbg.js": 1769064748078,
  "ext/fragment/Header.js.map": 1769075936709,
  "ext/controller/Listcontr-dbg.controller.js": 1769073888930,
  "ext/controller/Listcontr.controller.js.map": 1769075936710,
  "ext/controller/CalculateCashflow-dbg.js": 1769074365626,
  "ext/controller/CalculateCashflow.js.map": 1769075936710,
  "Component-dbg.js": 1769062004478,
  "Component.js.map": 1769075936711,
  "Component-preload.js": 1769075936802,
  "Component-preload.js.map": 1769075936802,
  "ext/fragment/Header.fragment.xml": 1769071780061,
  "ext/fragment/Comments.fragment.xml": 1769065760120,
  "ext/fragment/Attachments.fragment.xml": 1769065696232,
  "css/style.css": 1769075852312,
  "index.html": 1769062004478
}