{
  "ext/fragment/Header.js.map": 1770890671207,
  "ext/fragment/Changelogs.js": 1769078472016,
  "ext/fragment/Selection.js": 1769678283013,
  "ext/fragment/Pretend.js": 1770125353876,
  "ext/fragment/Incomingpayment.js": 1769593636035,
  "ext/fragment/Header.js": 1769064748078,
  "ext/fragment/Comments.js": 1769065823936,
  "ext/fragment/Workflowhistory.js": 1769078429188,
  "ext/fragment/Attachments.js": 1769152875399,
  "ext/controller/Releasedisbursement.js": 1770023204414,
  "ext/controller/Release.js": 1769766937341,
  "ext/controller/Rate.js": 1769074321566,
  "ext/controller/Listcontr.controller.js": 1769073888930,
  "ext/controller/File.js": 1769577160116,
  "ext/controller/FMDocument.js": 1769766949865,
  "ext/controller/Contractobj.controller.js": 1770889400785,
  "ext/controller/CalculateCashflow.js": 1769074365626,
  "manifest.json": 1770881208388,
  "Component.js": 1770365042714,
  "ext/controller/Listcontr-dbg.controller.js": 1769073888930,
  "ext/controller/Listcontr.controller.js.map": 1770890671275,
  "ext/fragment/Selection-dbg.js": 1769678283013,
  "ext/fragment/Selection.js.map": 1770890671244,
  "ext/fragment/Pretend-dbg.js": 1770125353876,
  "ext/fragment/Pretend.js.map": 1770890671206,
  "ext/fragment/Incomingpayment-dbg.js": 1769593636035,
  "ext/fragment/Incomingpayment.js.map": 1770890671205,
  "ext/fragment/Header-dbg.js": 1769064748078,
  "i18n/i18n.properties": 1769075085973,
  "ext/fragment/Comments-dbg.js": 1769065823936,
  "ext/fragment/Comments.js.map": 1770890671262,
  "ext/fragment/Workflowhistory-dbg.js": 1769078429188,
  "ext/fragment/Workflowhistory.js.map": 1770890671239,
  "ext/fragment/Attachments-dbg.js": 1769152875399,
  "ext/fragment/Attachments.js.map": 1770890671264,
  "ext/controller/Releasedisbursement-dbg.js": 1770023204414,
  "ext/controller/Releasedisbursement.js.map": 1770890671247,
  "ext/controller/Release-dbg.js": 1769766937341,
  "ext/controller/Release.js.map": 1770890671249,
  "ext/controller/Rate-dbg.js": 1769074321566,
  "ext/controller/Rate.js.map": 1770890671250,
  "ext/fragment/Changelogs-dbg.js": 1769078472016,
  "ext/fragment/Changelogs.js.map": 1770890671253,
  "ext/controller/File-dbg.js": 1769577160116,
  "ext/controller/File.js.map": 1770890671255,
  "ext/controller/FMDocument-dbg.js": 1769766949865,
  "ext/controller/FMDocument.js.map": 1770890671256,
  "ext/controller/Contractobj-dbg.controller.js": 1770889400785,
  "ext/controller/Contractobj.controller.js.map": 1770890671287,
  "ext/controller/CalculateCashflow-dbg.js": 1769074365626,
  "ext/controller/CalculateCashflow.js.map": 1770890671264,
  "Component-dbg.js": 1770365042714,
  "Component.js.map": 1770890671272,
  "Component-preload.js": 1770890671460,
  "Component-preload.js.map": 1770890671460,
  "ext/fragment/Workflowhistory.fragment.xml": 1770094874447,
  "ext/fragment/Selection.fragment.xml": 1769593499490,
  "ext/fragment/Pretend.fragment.xml": 1770201686511,
  "ext/fragment/Incomingpayment.fragment.xml": 1769682308231,
  "ext/fragment/Header.fragment.xml": 1770199731109,
  "ext/fragment/Comments.fragment.xml": 1769170923212,
  "ext/fragment/Changelogs.fragment.xml": 1769150316652,
  "ext/fragment/Attachments.fragment.xml": 1769148286956,
  "css/style.css": 1770876950735,
  "index.html": 1770009583580
}