<core:FragmentDefinition
    xmlns:core="sap.ui.core"
    xmlns="sap.m">

    <VBox class="loanGrid">

        <!-- Row 1 -->
        <HBox class="loanRow">
            <VBox class="loanCell">
                <Label text="Loan Number" design="Bold"/>
                <Text text="{loanNumber}"/>
            </VBox>

            <VBox class="loanCell">
                <Label text="Loan Partner" design="Bold"/>
                <Text text="{loanPartner}"/>
            </VBox>
        </HBox>

        <!-- Row 2 -->
        <HBox class="loanRow">
            <VBox class="loanCell">
                <Label text="Status" design="Bold"/>
                <Text text="{status}"/>
            </VBox>

            <VBox class="loanCell">
                <Label text="Disb. Status" design="Bold"/>
                <Text text="{disbursementStatus}"/>
            </VBox>
        </HBox>

    </VBox>

</core:FragmentDefinition>
