<!-- <core:FragmentDefinition xmlns:core="sap.ui.core" xmlns="sap.m" xmlns:macros="sap.fe.macros">
	<VBox core:require="{ handler: 'loanoffercreation/ext/fragment/Workflowhistory'}">
		<Button text="Workflowhistory" press="handler.onPress" />
	</VBox>
</core:FragmentDefinition> -->

<!-- <core:FragmentDefinition xmlns:core="sap.ui.core" xmlns="sap.m" xmlns:macros="sap.fe.macros">
	<VBox core:require="{ handler: 'loanoffercreation/ext/fragment/Workflowhistory'}">
		<Table  id="sampleTable" 
             items="{
    path: 'contractToCondition',
    sorter: {
    path: 'level',
    descending: false,
    group: true},
    groupHeaderFactory: 'handler.onPress'
  }">
                   <columns>
				   <Column id="_IDGenColumn2" >
                   	<Text id="_IDGenText1" text="Employee Name" />
                   </Column>
                   <Column id="_IDGenColumn3" >
                   	<Text id="_IDGenText2" text="Employee ID" />
                   </Column>
                   <Column id="_IDGenColumn4" mergeDuplicates="true">
                   	<Text id="_IDGenText3" text="Status" />
                   </Column>
                   <Column id="_IDGenColumn5" mergeDuplicates="true">
                   	<Text id="_IDGenText4" text="Approved By" />
                   </Column>
                   <Column id="_IDGenColumn6" mergeDuplicates="true">
                   	<Text id="_IDGenText5" text="Days Taken" />
                   </Column>
                   </columns>
                   <items>
                   	<ColumnListItem id="_IDGenColumnListItem" vAlign="Middle">
                    <cells>
				    <Text id="_IDGenText7" text="{EmployeeName}"></Text>
                    <Text id="_IDGenText8" text="{EmployeeID}"></Text>
                    <Text id="_IDGenText9" text="{Status}"></Text>
                    <Text id="_IDGenText10" text="{ApprovedBy}"></Text>
                    <Text id="_IDGenText11" text="{DaysTaken}"></Text>
                    </cells>
                    </ColumnListItem>
                   </items>
                </Table>
	</VBox>
</core:FragmentDefinition> -->

<core:FragmentDefinition
    xmlns:core="sap.ui.core"
    xmlns="sap.m"
    xmlns:macros="sap.fe.macros">

    <VBox>

        <Table id="sampleTable">

            <!-- Columns -->
            <columns>
                <Column>
                    <Text text="Employee Name"/>
                </Column>
                <Column>
                    <Text text="Employee ID"/>
                </Column>
                <Column>
                    <Text text="Status"/>
                </Column>
                <Column>
                    <Text text="Approved By"/>
                </Column>
                <Column>
                    <Text text="Days Taken"/>
                </Column>
            </columns>

            <!-- Hardcoded Rows -->
            <items>

                <ColumnListItem vAlign="Middle">
                    <cells>
                        <Text text="Rahul Sharma"/>
                        <Text text="EMP001"/>
                        <Text text="Approved"/>
                        <Text text="Manager A"/>
                        <Text text="2"/>
                    </cells>
                </ColumnListItem>

                <ColumnListItem vAlign="Middle">
                    <cells>
                        <Text text="Anita Verma"/>
                        <Text text="EMP002"/>
                        <Text text="Pending"/>
                        <Text text="Manager B"/>
                        <Text text="4"/>
                    </cells>
                </ColumnListItem>

                <ColumnListItem vAlign="Middle">
                    <cells>
                        <Text text="Suresh Kumar"/>
                        <Text text="EMP003"/>
                        <Text text="Rejected"/>
                        <Text text="Manager C"/>
                        <Text text="1"/>
                    </cells>
                </ColumnListItem>

            </items>

        </Table>

    </VBox>

</core:FragmentDefinition>
