{
  "Component-preload.js": 1771253828793,
  "controller/View1.controller.js": 1769497893125,
  "model/models.js": 1769497893117,
  "controller/App.controller.js": 1769500185437,
  "manifest.json": 1769499714271,
  "Component.js": 1769497893113,
  "model/models-dbg.js": 1769497893117,
  "model/models.js.map": 1771253828710,
  "controller/View1-dbg.controller.js": 1769497893125,
  "controller/View1.controller.js.map": 1771253828710,
  "controller/App-dbg.controller.js": 1769500185437,
  "controller/App.controller.js.map": 1771253828713,
  "Component-dbg.js": 1769497893113,
  "Component.js.map": 1771253828711,
  "i18n/i18n.properties": 1769497901945,
  "Component-preload.js.map": 1771253828793,
  "view/View1.view.xml": 1769497893121,
  "view/App.view.xml": 1769500481252,
  "css/style.css": 1769497893121,
  "index.html": 1769497893113
}